Workbook

Sheet Order Form
J2: MALAYSIA DISTRIBUTOR
J3: ORDER CALCULATION FORM - WEST MALAYSIA
B6: Herbalife Products Malaysia Sdn Bhd | J6: Distributor Services Hotline | L6: (603) 2706 9888
B7: 199301027403 (282141-M) AJL No. 931586 | J7: Distributor Services Email | L7: memberservices_my@herbalife.com
B8: Ground Floor Plaza See Hoy Chan
B9: Jalan Raja Chulan
B10: 50200 Kuala Lumpur | J10: Order Month:
B12: Updated as of May 19, 2026
B13: DELIVERY METHOD
B14: PURCHASED BY | H14: SHIP TO (FOR DELIVERY ONLY)
B15: Name | H15: Name
B16: ID No. | H16: Address
B17: FULLY QUALIFIED SUPERVISOR
B18: Name | H18: Phone:
B19: ID No. | H19: PAYMENT INFORMATION - Wire transfer
B20: Month & Year of Qualification | H20: Maybank (Herbalife Products Malaysia Sdn Bhd - Acc No: 5142 7123 2600)
E21: Month | G21: Year | H21: Amount Transfer
B22: QUALIFYING SUPERVISOR - TEMP 50% | H22: Name of Your Bank
B23: Name | H23: Date Transfer
B24: ID No. | H24: Time Transfer
B25: SHIPPING INSTRUCTION (FOR DELIVERY ONLY)
B28: Discount | C28: 0.5 | D28: * Total amount tabulated in this Email Order Form may vary from actual order tabulated from the system
B30: Stock No | C30: Product Name | I30: Qty | J30: Total VP | K30: Unit Price | L30: Total Price | O30: Retail Price | P30: Total Retail
C32: =IF(B32<>"",VLOOKUP(B32,'Price List'!A:J,2,0),"") | J32: =IF(B32="","",VLOOKUP(B32,'Price List'!A:J,4,0)*I32) | K32: =IF(B32="","",(VLOOKUP(B32,'Price List'!A:J,6,0)-(VLOOKUP(B32,'Price List'!A:K,11,0)*$C$28))) | L32: =IF(K32="","",(K32*I32)) | O32: =IF(B32<>"",VLOOKUP(B32,'Price List'!A:J,6,0),"") | P32: =IF(B32="","",O32*I32)
C33: =IF(B33<>"",VLOOKUP(B33,'Price List'!A:J,2,0),"") | J33: =IF(B33="","",VLOOKUP(B33,'Price List'!A:J,4,0)*I33) | K33: =IF(B33="","",(VLOOKUP(B33,'Price List'!A:J,6,0)-(VLOOKUP(B33,'Price List'!A:K,11,0)*$C$28))) | L33: =IF(K33="","",(K33*I33)) | O33: =IF(B33<>"",VLOOKUP(B33,'Price List'!A:J,6,0),"") | P33: =IF(B33="","",O33*I33)
C34: =IF(B34<>"",VLOOKUP(B34,'Price List'!A:J,2,0),"") | J34: =IF(B34="","",VLOOKUP(B34,'Price List'!A:J,4,0)*I34) | K34: =IF(B34="","",(VLOOKUP(B34,'Price List'!A:J,6,0)-(VLOOKUP(B34,'Price List'!A:K,11,0)*$C$28))) | L34: =IF(K34="","",(K34*I34)) | O34: =IF(B34<>"",VLOOKUP(B34,'Price List'!A:J,6,0),"") | P34: =IF(B34="","",O34*I34)
C35: =IF(B35<>"",VLOOKUP(B35,'Price List'!A:J,2,0),"") | J35: =IF(B35="","",VLOOKUP(B35,'Price List'!A:J,4,0)*I35) | K35: =IF(B35="","",(VLOOKUP(B35,'Price List'!A:J,6,0)-(VLOOKUP(B35,'Price List'!A:K,11,0)*$C$28))) | L35: =IF(K35="","",(K35*I35)) | O35: =IF(B35<>"",VLOOKUP(B35,'Price List'!A:J,6,0),"") | P35: =IF(B35="","",O35*I35)
C36: =IF(B36<>"",VLOOKUP(B36,'Price List'!A:J,2,0),"") | J36: =IF(B36="","",VLOOKUP(B36,'Price List'!A:J,4,0)*I36) | K36: =IF(B36="","",(VLOOKUP(B36,'Price List'!A:J,6,0)-(VLOOKUP(B36,'Price List'!A:K,11,0)*$C$28))) | L36: =IF(K36="","",(K36*I36)) | O36: =IF(B36<>"",VLOOKUP(B36,'Price List'!A:J,6,0),"") | P36: =IF(B36="","",O36*I36)
C37: =IF(B37<>"",VLOOKUP(B37,'Price List'!A:J,2,0),"") | J37: =IF(B37="","",VLOOKUP(B37,'Price List'!A:J,4,0)*I37) | K37: =IF(B37="","",(VLOOKUP(B37,'Price List'!A:J,6,0)-(VLOOKUP(B37,'Price List'!A:K,11,0)*$C$28))) | L37: =IF(K37="","",(K37*I37)) | O37: =IF(B37<>"",VLOOKUP(B37,'Price List'!A:J,6,0),"") | P37: =IF(B37="","",O37*I37)
C38: =IF(B38<>"",VLOOKUP(B38,'Price List'!A:J,2,0),"") | J38: =IF(B38="","",VLOOKUP(B38,'Price List'!A:J,4,0)*I38) | K38: =IF(B38="","",(VLOOKUP(B38,'Price List'!A:J,6,0)-(VLOOKUP(B38,'Price List'!A:K,11,0)*$C$28))) | L38: =IF(K38="","",(K38*I38)) | O38: =IF(B38<>"",VLOOKUP(B38,'Price List'!A:J,6,0),"") | P38: =IF(B38="","",O38*I38)
C39: =IF(B39<>"",VLOOKUP(B39,'Price List'!A:J,2,0),"") | J39: =IF(B39="","",VLOOKUP(B39,'Price List'!A:J,4,0)*I39) | K39: =IF(B39="","",(VLOOKUP(B39,'Price List'!A:J,6,0)-(VLOOKUP(B39,'Price List'!A:K,11,0)*$C$28))) | L39: =IF(K39="","",(K39*I39)) | O39: =IF(B39<>"",VLOOKUP(B39,'Price List'!A:J,6,0),"") | P39: =IF(B39="","",O39*I39)
C40: =IF(B40<>"",VLOOKUP(B40,'Price List'!A:J,2,0),"") | J40: =IF(B40="","",VLOOKUP(B40,'Price List'!A:J,4,0)*I40) | K40: =IF(B40="","",(VLOOKUP(B40,'Price List'!A:J,6,0)-(VLOOKUP(B40,'Price List'!A:K,11,0)*$C$28))) | L40: =IF(K40="","",(K40*I40)) | O40: =IF(B40<>"",VLOOKUP(B40,'Price List'!A:J,6,0),"") | P40: =IF(B40="","",O40*I40)
C41: =IF(B41<>"",VLOOKUP(B41,'Price List'!A:J,2,0),"") | J41: =IF(B41="","",VLOOKUP(B41,'Price List'!A:J,4,0)*I41) | K41: =IF(B41="","",(VLOOKUP(B41,'Price List'!A:J,6,0)-(VLOOKUP(B41,'Price List'!A:K,11,0)*$C$28))) | L41: =IF(K41="","",(K41*I41)) | O41: =IF(B41<>"",VLOOKUP(B41,'Price List'!A:J,6,0),"") | P41: =IF(B41="","",O41*I41)
C42: =IF(B42<>"",VLOOKUP(B42,'Price List'!A:J,2,0),"") | J42: =IF(B42="","",VLOOKUP(B42,'Price List'!A:J,4,0)*I42) | K42: =IF(B42="","",(VLOOKUP(B42,'Price List'!A:J,6,0)-(VLOOKUP(B42,'Price List'!A:K,11,0)*$C$28))) | L42: =IF(K42="","",(K42*I42)) | O42: =IF(B42<>"",VLOOKUP(B42,'Price List'!A:J,6,0),"") | P42: =IF(B42="","",O42*I42)
C43: =IF(B43<>"",VLOOKUP(B43,'Price List'!A:J,2,0),"") | J43: =IF(B43="","",VLOOKUP(B43,'Price List'!A:J,4,0)*I43) | K43: =IF(B43="","",(VLOOKUP(B43,'Price List'!A:J,6,0)-(VLOOKUP(B43,'Price List'!A:K,11,0)*$C$28))) | L43: =IF(K43="","",(K43*I43)) | O43: =IF(B43<>"",VLOOKUP(B43,'Price List'!A:J,6,0),"") | P43: =IF(B43="","",O43*I43)
... C58: =IF(B58<>"",VLOOKUP(B58,'Price List'!A:J,2,0),"") | J58: =IF(B58="","",VLOOKUP(B58,'Price List'!A:J,4,0)*I58) | K58: =IF(B58="","",(VLOOKUP(B58,'Price List'!A:J,6,0)-(VLOOKUP(B58,'Price List'!A:K,11,0)*$C$28))) | L58: =IF(K58="","",(K58*I58)) | O58: =IF(B58<>"",VLOOKUP(B58,'Price List'!A:J,6,0),"") | P58: =IF(B58="","",O58*I58)
I59: Total Retail Price | L59: =SUM(L32:M58) -> 0 | O59: =IF(B59<>"",VLOOKUP(B59,'Price List'!A:J,6,0),"") | P59: =IF(B59="","",O59*I59)
B60: PLEASE COMPLETE FOR THIS ORDER | I60: Freight | L60: =IF(AND(N13=4,P60<1000.99),15,IF(AND(N13=5,P60<1000.99),30,0))*1.06 -> 0 | P60: =SUM(P32:P59) -> 0
B61: Volume Points for this order | F61: =SUM(J32:J58) -> 0 | I61: Total Amount Due | L61: =SUM(L59:M60) -> 0
B62: Volume Points for previous orders | F62: 0
B63: Volume Points for this month | F63: 0
B64: Remark:
B65: Once the order is placed, no change can be made.
B66: Discount is not applicable to AOP & Literature items.
B67: In case of any discrepancy, the decision of the Company will be final.

Sheet Price List
A1: Malaysia Price List updated as of May 19, 2026
A2: Stock No | B2: Product Name | C2: Qty | D2: Volume Points | E2: Earn Base | F2: Retail Price | G2: 0.25 | H2: 0.35 | I2: 0.42 | J2: 0.5 | K2: Earn Base Disc calculation
A3: INNER NUTRITION/NUTRISI DALAMAN
A4: Core Nutrition/Nutrisi Utama
A5: 4462 | B5: Formula 1 - Banana Cream Flavour | C5: 1 | D5: 23.95 | E5: 193.92 | F5: 212.03 | G5: 163.55 | H5: 144.16 | I5: 130.58 | J5: 115.07 | K5: 193.92
A6: 4465 | B6: Formula 1 - Cafe Latte Flavour | C6: 1 | D6: 23.95 | E6: 193.92 | F6: 212.03 | G6: 163.55 | H6: 144.16 | I6: 130.58 | J6: 115.07 | K6: 193.92
A7: 4466 | B7: Formula 1 - Vanilla Cream Flavour | C7: 1 | D7: 23.95 | E7: 193.92 | F7: 212.03 | G7: 163.55 | H7: 144.16 | I7: 130.58 | J7: 115.07 | K7: 193.92
A8: 4467 | B8: Formula 1 - Cookie Crunch Flavour | C8: 1 | D8: 23.95 | E8: 193.92 | F8: 212.03 | G8: 163.55 | H8: 144.16 | I8: 130.58 | J8: 115.07 | K8: 193.92
A9: 4468 | B9: Formula 1 - Smooth Chocolate Flavour | C9: 1 | D9: 23.95 | E9: 193.92 | F9: 212.03 | G9: 163.55 | H9: 144.16 | I9: 130.58 | J9: 115.07 | K9: 193.92
A10: 4470 | B10: Formula 1 - Summer Berries Flavour | C10: 1 | D10: 23.95 | E10: 193.92 | F10: 212.03 | G10: 163.55 | H10: 144.16 | I10: 130.58 | J10: 115.07 | K10: 193.92
A11: 072K | B11: Formula 1 Select | C11: 1 | D11: 30.65 | E11: 268.86 | F11: 293.96 | G11: 226.74 | H11: 199.86 | I11: 181.04 | J11: 159.53 | K11: 268.86
A12: 0242 | B12: Formula 3 - Blended Soy and Whey Protein Powder | C12: 1 | D12: 17.95 | E12: 152.91 | F12: 174.41 | G12: 136.18 | H12: 120.89 | I12: 110.19 | J12: 97.95 | K12: 152.91
A13: 0105 | B13: Tea Mix with Hibiscus - Original Flavour 51g | C13: 1 | D13: 19.95 | E13: 162.11 | F13: 177.25 | G13: 136.72 | H13: 120.51 | I13: 109.16 | J13: 96.19 | K13: 162.11
A14: 0106 | B14: Tea Mix with Hibiscus - Original Flavour 102g | C14: 1 | D14: 34.95 | E14: 280.91 | F14: 307.14 | G14: 236.91 | H14: 208.82 | I14: 189.16 | J14: 166.68 | K14: 280.91
A15: 0190 | B15: Tea Mix with Hibiscus - Peach Flavour 102g | C15: 1 | D15: 34.95 | E15: 280.91 | F15: 307.14 | G15: 236.91 | H15: 208.82 | I15: 189.16 | J15: 166.68 | K15: 280.91
A16: 2121 | B16: Tea Mix with Hibiscus - Honey Ginger Flavour 102g | C16: 1 | D16: 34.95 | E16: 280.91 | F16: 307.14 | G16: 236.91 | H16: 208.82 | I16: 189.16 | J16: 166.68 | K16: 280.91
A17: 3115 | B17: Multivitamins & Minerals | C17: 1 | D17: 19.95 | E17: 132.43 | F17: 144.8 | G17: 111.69 | H17: 98.45 | I17: 89.18 | J17: 78.58 | K17: 132.43
A18: Weight Management Program Pack/ Pek Program Pengurusan Berat Badan
A19: (with additional 2 unit of same Formula 1 flavours/ dengan tambahan 2 unit perisa Formula 1 yang sama
A20: 81Z8 | B20: Weight Management Program - Basic / Asas / 基础 | C20: 1 | D20: 92.8 | E20: 758.62 | F20: 829.46 | G20: 639.8 | H20: 563.95 | I20: 510.84 | J20: 450.15 | K20: 758.62
A21: 81Z9 | B21: Weight Management Program - Advanced / Lanjutan / 高级 | C21: 1 | D21: 110.75 | E21: 911.53 | F21: 1003.87 | G21: 775.99 | H21: 684.84 | I21: 621.03 | J21: 548.1 | K21: 911.53
A22: 82Z0 | B22: Weight Management Program - Ultimate / Terunggul / 终极 | C22: 1 | D22: 133.7 | E22: 1097.19 | F22: 1206.87 | G22: 932.57 | H22: 822.86 | I22: 746.05 | J22: 658.27 | K22: 1097.19
A23: WEIGHT MANAGEMENT PROGRAM / Basic / Asas / 基础 •2 x Formula 1 • 1 x Herbal Aloe Concentrate - Mandarin Flavour • 1 x Tea Mix with Hibiscus - Original Flavour - 51g
A24: 3T32 | B24: Formula 1 - Cafe Latte Flavour / Perisa Cafe Latte / 拿铁味 | C24: 1 | D24: 92.8 | E24: 758.62 | F24: 829.46 | G24: 639.8 | H24: 563.95 | I24: 510.84 | J24: 450.15 | K24: 758.62
A25: 3T33 | B25: Formula 1 - Cookie Crunch Flavour / Perisa Cookie Crunch / 巧饼味 | C25: 1 | D25: 92.8 | E25: 758.62 | F25: 829.46 | G25: 639.8 | H25: 563.95 | I25: 510.84 | J25: 450.15 | K25: 758.62
A26: 3T34 | B26: Formula 1 - Smooth Chocolate Flavour / Perisa Smooth Coklat / 顺滑巧克力味 | C26: 1 | D26: 92.8 | E26: 758.62 | F26: 829.46 | G26: 639.8 | H26: 563.95 | I26: 510.84 | J26: 450.15 | K26: 758.62
A27: WEIGHT MANAGEMENT PROGRAM / Advanced / Lanjutan / 高级 •2 x Formula 1 • 1 x Formula 3 Blended Soy And Whey Protein Powder • 1 x Herbal Aloe Concentrate - Mandarin Flavour • 1 x Tea Mix with Hibiscus - Original Flavour - 51g
A28: 3T35 | B28: Formula 1 - Cafe Latte Flavour / Perisa Cafe Latte / 拿铁味 | C28: 1 | D28: 110.75 | E28: 911.53 | F28: 1003.87 | G28: 775.99 | H28: 684.84 | I28: 621.03 | J28: 548.1 | K28: 911.53
A29: 3T36 | B29: Formula 1 - Cookie Crunch Flavour / Perisa Cookie Crunch / 巧饼味 | C29: 1 | D29: 110.75 | E29: 911.53 | F29: 1003.87 | G29: 775.99 | H29: 684.84 | I29: 621.03 | J29: 548.1 | K29: 911.53
A30: 3T37 | B30: Formula 1 - Smooth Chocolate Flavour / Perisa Smooth Coklat / 顺滑巧克力味 | C30: 1 | D30: 110.75 | E30: 911.53 | F30: 1003.87 | G30: 775.99 | H30: 684.84 | I30: 621.03 | J30: 548.1 | K30: 911.53
A31: WEIGHT MANAGEMENT PROGRAM / Ultimate / Terunggul / 终极 •2 x Formula 1 • 1 x Formula 3 Blended Soy And Whey Protein Powder • 1 x Mixed Fibres With Inulin Powder- Apple Flavour • 1 x Herbal Aloe Concentrate - Mandarin Flavour • 1 x Tea Mix with Hibiscus - Original Flavour - 51g
A32: 3T38 | B32: Formula 1 - Cafe Latte Flavour / Perisa Cafe Latte / 拿铁味 | C32: 1 | D32: 133.7 | E32: 1097.19 | F32: 1206.87 | G32: 932.57 | H32: 822.86 | I32: 746.05 | J32: 658.27 | K32: 1097.19
A33: 3T39 | B33: Formula 1 - Cookie Crunch Flavour / Perisa Cookie Crunch / 巧饼味 | C33: 1 | D33: 133.7 | E33: 1097.19 | F33: 1206.87 | G33: 932.57 | H33: 822.86 | I33: 746.05 | J33: 658.27 | K33: 1097.19
A34: 3T40 | B34: Formula 1 - Smooth Chocolate Flavour / Perisa Smooth Coklat / 顺滑巧克力味 | C34: 1 | D34: 133.7 | E34: 1097.19 | F34: 1206.87 | G34: 932.57 | H34: 822.86 | I34: 746.05 | J34: 658.27 | K34: 1097.19
A35: Functional Pack / Pek Fungsian / 功能配套
A36: 1T49 | B36: Digestive+ 健康肠道配套 - Original Flavour 1 x Mixed Fibres With Inulin Powder Drink - Original Flavour 1 x Herbal Aloe Concentrate Mix - Mandarin Flavour 1 x Mesh Bag - Green 1 x Info Card | C36: 1 | D36: 47.9 | E36: 394.33 | F36: 431.15 | G36: 332.57 | H36: 293.13 | I36: 265.53 | J36: 233.98 | K36: 394.33
A37: 1T50 | B37: Digestive+ 健康肠道配套 - Apple Flavour 1 x Mixed Fibres With Inulin Powder Drink - Apple Flavour 1 x Herbal Aloe Concentrate Mix - Mandarin Flavour 1 x Mesh Bag - Green 1 x Info Card | C37: 1 | D37: 47.9 | E37: 394.33 | F37: 431.15 | G37: 332.57 | H37: 293.13 | I37: 265.53 | J37: 233.98 | K37: 394.33
A38: 1T52 | B38: DefenZ+ 免疫防护配套 3 x Immulift 1 x Multivitamins & Minerals 1 x Turmerix 336mg 1 x Mesh Bag - Purple 1 x Info Card | C38: 1 | D38: 70.75 | E38: 539.34 | F38: 589.71 | G38: 454.87 | H38: 400.94 | I38: 363.19 | J38: 320.04 | K38: 539.34
A39: 1T53 | B39: Flow+ 循环顺畅配套 1 x Omega 3 Fish Oil 1 x Niteworks 1 x Garlic Plus 1 x Mesh Bag - Red 1 x Info Card | C39: 1 | D39: 87.45 | E39: 675.34 | F39: 738.4 | G39: 569.56 | H39: 502.03 | I39: 454.76 | J39: 400.73 | K39: 675.34
A40: 1T55 | B40: Glow+ 焕亮美颜配套 1 x Collagen Plus Powder 1 x Celactivo 2 x Herbalife Moisturing Vitamin Mask 1 x Mesh Bag - Pink 1 x Info Card | C40: 1 | D40: 83.05 | E40: 634.53 | F40: 699.76 | G40: 541.13 | H40: 477.67 | I40: 433.26 | J40: 382.49 | K40: 634.53
A41: 1T56 | B41: Flexi+ 活跃关节配套 1 x Turmerix 336mg 1 x Omega 3 Fish Oil 1 x Collagen Plus Powder 1 x Calcium Plus 1 x Mesh Bag - Yellow 1 x Info Card | C41: 1 | D41: 101.85 | E41: 792.55 | F41: 866.54 | G41: 668.4 | H41: 589.15 | I41: 533.67 | J41: 470.26 | K41: 792.55
A42: Basic Weight Management/Pengurusan Berat Badan Asas
A43: Start Now Pack (F1 + F3 + Tea Mix Original Flavour 51g)
A44: 50Z0 | B44: Start Now Pack-Vanilla Cream Flavour | C44: 1 | D44: 61.85 | E44: 508.94 | F44: 563.69 | G44: 436.45 | H44: 385.56 | I44: 349.94 | J44: 309.22 | K44: 508.94
A45: 50Z1 | B45: Start Now Pack-Smooth Chocolate Flavour | C45: 1 | D45: 61.85 | E45: 508.94 | F45: 563.69 | G45: 436.45 | H45: 385.56 | I45: 349.94 | J45: 309.22 | K45: 508.94
A46: 50Z2 | B46: Start Now Pack-Summer Berries Flavour | C46: 1 | D46: 61.85 | E46: 508.94 | F46: 563.69 | G46: 436.45 | H46: 385.56 | I46: 349.94 | J46: 309.22 | K46: 508.94
A47: 50Z3 | B47: Start Now Pack-Banana Cream Flavour | C47: 1 | D47: 61.85 | E47: 508.94 | F47: 563.69 | G47: 436.45 | H47: 385.56 | I47: 349.94 | J47: 309.22 | K47: 508.94
A48: 50Z4 | B48: Start Now Pack-Cafe Latte Flavour | C48: 1 | D48: 61.85 | E48: 508.94 | F48: 563.69 | G48: 436.45 | H48: 385.56 | I48: 349.94 | J48: 309.22 | K48: 508.94
A49: 50Z5 | B49: Start Now Pack-Cookie Crunch Flavour | C49: 1 | D49: 61.85 | E49: 508.94 | F49: 563.69 | G49: 436.45 | H49: 385.56 | I49: 349.94 | J49: 309.22 | K49: 508.94
A50: Start Now Pack (F1 + F3 + Tea Mix Original Flavour 102g)
A51: 50Z6 | B51: Start Now Pack-Vanilla Cream Flavour | C51: 1 | D51: 76.85 | E51: 627.74 | F51: 693.58 | G51: 536.64 | H51: 473.87 | I51: 429.93 | J51: 379.71 | K51: 627.74
A52: 50Z7 | B52: Start Now Pack-Smooth Chocolate Flavour | C52: 1 | D52: 76.85 | E52: 627.74 | F52: 693.58 | G52: 536.64 | H52: 473.87 | I52: 429.93 | J52: 379.71 | K52: 627.74
A53: 50Z8 | B53: Start Now Pack-Summer Berries Flavour | C53: 1 | D53: 76.85 | E53: 627.74 | F53: 693.58 | G53: 536.64 | H53: 473.87 | I53: 429.93 | J53: 379.71 | K53: 627.74
A54: 50Z9 | B54: Start Now Pack-Banana Cream Flavour | C54: 1 | D54: 76.85 | E54: 627.74 | F54: 693.58 | G54: 536.64 | H54: 473.87 | I54: 429.93 | J54: 379.71 | K54: 627.74
A55: 51Z0 | B55: Start Now Pack-Cafe Latte Flavour | C55: 1 | D55: 76.85 | E55: 627.74 | F55: 693.58 | G55: 536.64 | H55: 473.87 | I55: 429.93 | J55: 379.71 | K55: 627.74
A56: 51Z1 | B56: Start Now Pack-Cookie Crunch Flavour | C56: 1 | D56: 76.85 | E56: 627.74 | F56: 693.58 | G56: 536.64 | H56: 473.87 | I56: 429.93 | J56: 379.71 | K56: 627.74
A57: Start Now Pack (F1 + F3 + Tea Mix Peach 102g)
A58: 51Z2 | B58: Start Now Pack-Vanilla Cream Flavour | C58: 1 | D58: 76.85 | E58: 627.74 | F58: 693.58 | G58: 536.64 | H58: 473.87 | I58: 429.93 | J58: 379.71 | K58: 627.74
A59: 51Z3 | B59: Start Now Pack-Smooth Chocolate Flavour | C59: 1 | D59: 76.85 | E59: 627.74 | F59: 693.58 | G59: 536.64 | H59: 473.87 | I59: 429.93 | J59: 379.71 | K59: 627.74
A60: 51Z4 | B60: Start Now Pack-Summer Berries Flavour | C60: 1 | D60: 76.85 | E60: 627.74 | F60: 693.58 | G60: 536.64 | H60: 473.87 | I60: 429.93 | J60: 379.71 | K60: 627.74
A61: 51Z5 | B61: Start Now Pack-Banana Cream Flavour | C61: 1 | D61: 76.85 | E61: 627.74 | F61: 693.58 | G61: 536.64 | H61: 473.87 | I61: 429.93 | J61: 379.71 | K61: 627.74
A62: 51Z6 | B62: Start Now Pack-Cafe Latte Flavour | C62: 1 | D62: 76.85 | E62: 627.74 | F62: 693.58 | G62: 536.64 | H62: 473.87 | I62: 429.93 | J62: 379.71 | K62: 627.74
A63: 51Z7 | B63: Start Now Pack-Cookie Crunch Flavour | C63: 1 | D63: 76.85 | E63: 627.74 | F63: 693.58 | G63: 536.64 | H63: 473.87 | I63: 429.93 | J63: 379.71 | K63: 627.74
A64: Energy and Fitness/Tenaga dan Kecergasan
A65: 0077 | B65: TC Formula | C65: 1 | D65: 32.95 | E65: 248.73 | F65: 271.95 | G65: 209.77 | H65: 184.89 | I65: 167.48 | J65: 147.58 | K65: 248.73
A66: 0102 | B66: N-R-G Guarana Powder Plus | C66: 1 | D66: 14.75 | E66: 119.26 | F66: 130.4 | G66: 100.58 | H66: 88.66 | I66: 80.31 | J66: 70.77 | K66: 119.26
A67: 1463 | B67: HERBALIFE24 CR7 Drive - Acai Berry Flavour | C67: 1 | D67: 24.9 | E67: 181.81 | F67: 212.64 | G67: 167.19 | H67: 149.01 | I67: 136.28 | J67: 121.73 | K67: 181.81
A68: 1521 | B68: HERBALIFE24 Formula 1 Sport - Vanilla Cream Flavour | C68: 1 | D68: 28 | E68: 223.13 | F68: 243.97 | G68: 188.19 | H68: 165.87 | I68: 150.26 | J68: 132.4 | K68: 223.13
A69: 1459 | B69: HERBALIFE24 RS Pro - Chocolate Flavour | C69: 1 | D69: 68.45 | E69: 544.92 | F69: 640.95 | G69: 504.72 | H69: 450.23 | I69: 412.08 | J69: 368.49 | K69: 544.92
A70: Digestive Health/Kesihatan Percernaan
A71: 0006 | B71: Herbal Aloe Concentrate Mix - Original Flavour | C71: 1 | D71: 24.95 | E71: 208.67 | F71: 228.15 | G71: 175.98 | H71: 155.12 | I71: 140.51 | J71: 123.81 | K71: 208.67
A72: 1065 | B72: Herbal Aloe Concentrate Mix - Mango Flavour | C72: 1 | D72: 24.95 | E72: 208.67 | F72: 228.15 | G72: 175.98 | H72: 155.12 | I72: 140.51 | J72: 123.81 | K72: 208.67
A73: 2631 | B73: Herbal Aloe Concentrate Mix - Mandarin Flavour | C73: 1 | D73: 24.95 | E73: 208.67 | F73: 228.15 | G73: 175.98 | H73: 155.12 | I73: 140.51 | J73: 123.81 | K73: 208.67
A74: 2864 | B74: Mixed Fibres with Inulin Powder Drink - Apple Flavour | C74: 1 | D74: 22.95 | E74: 185.66 | F74: 203 | G74: 156.58 | H74: 138.02 | I74: 125.02 | J74: 110.17 | K74: 185.66
A75: 2865 | B75: Mixed Fibres with Inulin Powder Drink - Original Flavour | C75: 1 | D75: 22.95 | E75: 185.66 | F75: 203 | G75: 156.58 | H75: 138.02 | I75: 125.02 | J75: 110.17 | K75: 185.66
A76: Heart Health/Kesihatan Jantung
A77: 0032 | B77: Garlic Plus | C77: 1 | D77: 12.95 | E77: 98.4 | F77: 107.59 | G77: 82.99 | H77: 73.15 | I77: 66.26 | J77: 58.39 | K77: 98.4
A78: 0065 | B78: Omega 3 Fish Oil with EPA & DHA | C78: 1 | D78: 25.75 | E78: 191.33 | F78: 209.19 | G78: 161.36 | H78: 142.22 | I78: 128.83 | J78: 113.52 | K78: 191.33
A79: 3150 | B79: NW Formula | C79: 1 | D79: 48.75 | E79: 385.61 | F79: 421.62 | G79: 325.22 | H79: 286.66 | I79: 259.66 | J79: 228.81 | K79: 385.61
A80: General Health
A81: 145K | B81: ImmuLift - Blackcurrant Flavour | C81: 1 | D81: 9.5 | E81: 75.58 | F81: 82.64 | G81: 63.74 | H81: 56.19 | I81: 50.9 | J81: 44.85 | K81: 75.58
A82: 044K | B82: Herbal Retreat Powder | C82: 1 | D82: 37.65 | E82: 297.79 | F82: 325.6 | G82: 251.15 | H82: 221.37 | I82: 200.53 | J82: 176.7 | K82: 297.79
A83: Joint Health
A84: 218K | B84: TurmeriX 336mg | C84: 1 | D84: 22.3 | E84: 180.17 | F84: 196.99 | G84: 151.95 | H84: 133.93 | I84: 121.32 | J84: 106.9 | K84: 180.17
A85: Youthful Vitality/Daya Hidup Muda
A86: 0020 | B86: Calcium Plus | C86: 1 | D86: 10.25 | E86: 80.78 | F86: 88.32 | G86: 68.12 | H86: 60.05 | I86: 54.39 | J86: 47.93 | K86: 80.78
A87: 0104 | B87: Celactivo | C87: 1 | D87: 20.5 | E87: 152.1 | F87: 166.3 | G87: 128.27 | H87: 113.06 | I87: 102.42 | J87: 90.25 | K87: 152.1
A88: 0056 | B88: Collagen Plus Powder - Orange Flavour | C88: 1 | D88: 43.55 | E88: 340.27 | F88: 372.04 | G88: 286.97 | H88: 252.95 | I88: 229.13 | J88: 201.9 | K88: 340.27
A89: Healthy Snacks/Makanan Ringan Sihat
A90: 012K | B90: High Protein Premix Coffee - Café Latte Flavour / Perisa Café Latte 金质咖啡 - 拿铁口味 | C90: 1 | D90: 30.55 | E90: 227.95 | F90: 249.24 | G90: 192.25 | H90: 169.46 | I90: 153.5 | J90: 135.26 | K90: 227.95
A91: OUTER NUTRITION/NUTRISI LUARAN
A92: SKIN Facial Care/Penjagaan Muka
A93: 0765 | B93: Soothing Aloe Cleanser (For Normal to Dry Skin) | C93: 1 | D93: 16.75 | E93: 117.41 | F93: 128.37 | G93: 99.02 | H93: 87.28 | I93: 79.06 | J93: 69.66 | K93: 117.41
A94: 0766 | B94: Polishing Citrus Cleanser (For Normal to Oily Skin) | C94: 1 | D94: 16.75 | E94: 117.41 | F94: 128.37 | G94: 99.02 | H94: 87.28 | I94: 79.06 | J94: 69.66 | K94: 117.41
A95: 0767 | B95: Energizing Herbal Toner 50ml | C95: 1 | D95: 12.7 | E95: 92.09 | F95: 100.69 | G95: 77.67 | H95: 68.46 | I95: 62.01 | J95: 54.64 | K95: 92.09
A96: 0768 | B96: Line Minimizing Serum | C96: 1 | D96: 37.7 | E96: 272.84 | F96: 298.32 | G96: 230.11 | H96: 202.83 | I96: 183.73 | J96: 161.9 | K96: 272.84
A97: 0769 | B97: Daily Glow Moisturizer | C97: 1 | D97: 28.4 | E97: 205.42 | F97: 224.6 | G97: 173.24 | H97: 152.7 | I97: 138.32 | J97: 121.89 | K97: 205.42
A98: 0770 | B98: Firming Eye Gel | C98: 1 | D98: 26.35 | E98: 190.68 | F98: 208.48 | G98: 160.81 | H98: 141.74 | I98: 128.39 | J98: 113.14 | K98: 190.68
A99: 0771 | B99: Hydrating Eye Cream | C99: 1 | D99: 26.35 | E99: 190.68 | F99: 208.48 | G99: 160.81 | H99: 141.74 | I99: 128.39 | J99: 113.14 | K99: 190.68
A100: 0773 | B100: Purifying Mint Clay Mask | C100: 1 | D100: 14.2 | E100: 103.04 | F100: 112.66 | G100: 86.9 | H100: 76.6 | I100: 69.38 | J100: 61.14 | K100: 103.04
...
